number,random_num,book_name,brand,predicted,glossy_cover,has_plastic_layer_on_cover,male_present,female_present,total_people_1,total_people_2,total_people_3,total_people_4,total_people_5_n_above,has_flowers,flower_coverage_more_than_half,has_leaves,leaves_coverage_more_than_half,has_trees,trees_coverage_more_than_half,has_other_living_things,has_fancy_stuff,has_obvious_inanimate_objects,red_shades,blue_shades,yellow_shades,orange_shades,green_shades,purple_shades,brown_shades,black_shades,overall_red_dominant,overall_green_dominant,overall_yellow_dominant,overall_pink_dominant,overall_purple_dominant,overall_orange_dominant,overall_blue_dominant,overall_brown_dominant,overall_black_dominant,overall_white_dominant
7,0.264807238500381,"蔷薇少女馆 1",1,1,0,1,0,1,1,0,0,0,0,1,1,1,1,0,0,0,1,1,1,0,0,0,1,0,1,0,0,0,0,1,0,0,0,0,0,0
5,0.84919477537331,"风走过森林",1,1,0,1,0,1,1,0,0,0,0,1,0,1,0,0,0,0,0,0,1,1,1,1,1,0,1,0,0,0,0,0,0,0,0,1,0,0
10,0.242905525403648,"我能听到你的心吗",0,1,1,1,1,1,0,1,0,0,0,1,0,1,0,0,0,0,0,0,1,1,1,1,1,0,1,0,0,1,0,0,0,0,0,0,0,0
4,0.580112146332982,"安娜不明国王心",0,0,1,1,1,1,0,0,0,1,0,0,0,1,0,0,0,0,0,1,1,1,0,0,1,0,1,1,0,0,0,0,0,0,1,0,0,0
6,0.516378068835505,"琥珀青春",1,0,0,1,1,1,0,0,1,0,0,1,0,1,0,0,0,0,0,0,1,0,0,0,1,1,0,0,0,0,0,0,0,0,0,0,0,1
8,0.136196854429181,"萌淑女驾到之美女训练营",1,0,0,1,1,1,0,0,0,1,0,0,0,1,0,0,0,0,0,1,1,0,1,1,0,0,1,0,1,0,0,0,0,0,0,0,0,0
9,0.755023161812434,"千零一夜美梦恋",0,0,1,1,1,1,0,1,0,0,0,1,0,0,0,0,0,1,1,1,0,1,1,1,1,0,0,0,0,1,0,0,0,0,0,0,0,0
3,0.323147737886061,"爱的天空下雨了",0,0,1,1,1,1,0,1,0,0,0,1,0,1,1,0,0,0,0,0,0,1,1,0,1,1,1,0,0,1,0,0,0,0,0,0,0,0
1,0.417522248963749,"悠莉宠物店 4",1,0,0,1,0,1,0,1,0,0,0,0,0,0,0,0,0,0,1,1,1,1,1,0,0,1,1,0,0,0,0,0,0,0,1,0,0,0
2,0.224038175730797,"蔷薇色梦幻美瞳",0,0,1,1,1,1,0,1,0,0,0,1,1,1,1,0,0,0,0,0,0,1,0,0,1,0,0,0,0,1,0,0,0,0,0,0,0,0
